<?xml version="1.0" encoding="UTF-8"?>
<project-private xmlns="http://www.netbeans.org/ns/project-private/1">
    <editor-bookmarks xmlns="http://www.netbeans.org/ns/editor-bookmarks/2" lastBookmarkId="1">
        <file>
            <url>src/mainpkg/MatrixOperationSceneController.java</url>
            <bookmark id="1">
                <name/>
                <line>72</line>
                <key/>
            </bookmark>
        </file>
    </editor-bookmarks>
    <open-files xmlns="http://www.netbeans.org/ns/projectui-open-files/2">
        <group>
            <file>file:/C:/Users/Mustaqueem%20Alam/Documents/NetBeansProjects/MatrixOperation/src/mainpkg/MatrixOperationSceneController.java</file>
            <file>file:/C:/Users/Mustaqueem%20Alam/Documents/NetBeansProjects/MatrixOperation/src/mainpkg/Launcher.java</file>
            <file>file:/C:/Users/Mustaqueem%20Alam/Documents/NetBeansProjects/MatrixOperation/src/mainpkg/Matrix.java</file>
        </group>
    </open-files>
</project-private>
