<?xml version="1.0" encoding="UTF-8"?>
<project-private xmlns="http://www.netbeans.org/ns/project-private/1">
    <editor-bookmarks xmlns="http://www.netbeans.org/ns/editor-bookmarks/2" lastBookmarkId="0"/>
    <open-files xmlns="http://www.netbeans.org/ns/projectui-open-files/2">
        <group>
            <file>file:/C:/Users/cis101/Documents/NetBeansProjects/preFinalPrac2/src/main_pkg/CITSAdmin.java</file>
            <file>file:/C:/Users/cis101/Documents/NetBeansProjects/preFinalPrac2/src/main_pkg/AddFacultySceneController.java</file>
            <file>file:/C:/Users/cis101/Documents/NetBeansProjects/preFinalPrac2/src/main_pkg/RegisteredCourse.java</file>
            <file>file:/C:/Users/cis101/Documents/NetBeansProjects/preFinalPrac2/src/main_pkg/Registrar.java</file>
            <file>file:/C:/Users/cis101/Documents/NetBeansProjects/preFinalPrac2/src/main_pkg/Faculty.java</file>
            <file>file:/C:/Users/cis101/Documents/NetBeansProjects/preFinalPrac2/src/main_pkg/ViewFileSceneController.java</file>
            <file>file:/C:/Users/cis101/Documents/NetBeansProjects/preFinalPrac2/src/main_pkg/PieChartFacultyDistributionController.java</file>
            <file>file:/C:/Users/cis101/Documents/NetBeansProjects/preFinalPrac2/src/main_pkg/PieChartFacultyDistribution.fxml</file>
            <file>file:/C:/Users/cis101/Documents/NetBeansProjects/preFinalPrac2/src/main_pkg/MainDashboardController.java</file>
        </group>
    </open-files>
</project-private>
